{
  "epochs": [
    1,
    2,
    3,
    4,
    5,
    6,
    7,
    8,
    9,
    10,
    11,
    12,
    13,
    14,
    15,
    16,
    17,
    18,
    19,
    20,
    21,
    22,
    23,
    24,
    25,
    26,
    27,
    28,
    29,
    30,
    31,
    32,
    33
  ],
  "train_loss": [
    2.1541,
    2.031,
    1.9492,
    1.8899,
    1.8428,
    1.7823,
    1.748,
    1.725,
    1.3789,
    1.0088,
    0.7717,
    0.6429,
    0.5682,
    0.4749,
    0.4486,
    0.4252,
    0.3515,
    0.313,
    0.3016,
    0.2531,
    0.2445,
    0.215,
    0.2136,
    0.2104,
    0.1963,
    0.1928,
    0.1752,
    0.1835,
    0.1674,
    0.168,
    0.1954,
    0.155,
    0.1511
  ],
  "train_acc": [
    0.1867,
    0.2966,
    0.3711,
    0.3653,
    0.4046,
    0.423,
    0.4417,
    0.4404,
    0.5239,
    0.6235,
    0.7106,
    0.7597,
    0.7879,
    0.8151,
    0.8303,
    0.8468,
    0.8647,
    0.8808,
    0.8879,
    0.9151,
    0.9116,
    0.9254,
    0.9263,
    0.9312,
    0.9312,
    0.9303,
    0.9433,
    0.9317,
    0.946,
    0.9326,
    0.9263,
    0.9437,
    0.9424
  ],
  "val_loss": [
    2.1004,
    2.0499,
    2.0439,
    1.9925,
    1.9789,
    1.9406,
    1.9182,
    1.9226,
    1.6542,
    1.4526,
    1.4063,
    1.4995,
    1.3352,
    1.3086,
    1.3019,
    1.4369,
    1.3057,
    1.2794,
    1.4709,
    1.3713,
    1.3088,
    1.65,
    1.5637,
    1.4668,
    1.5225,
    1.5034,
    1.2513,
    1.5303,
    1.4366,
    1.4789,
    1.5935,
    1.7904,
    1.5811
  ],
  "val_acc": [
    0.2797,
    0.322,
    0.3051,
    0.2966,
    0.322,
    0.3559,
    0.4153,
    0.339,
    0.3983,
    0.5339,
    0.5678,
    0.5932,
    0.5847,
    0.6271,
    0.661,
    0.6186,
    0.6695,
    0.678,
    0.6441,
    0.6525,
    0.6525,
    0.5932,
    0.6186,
    0.6695,
    0.678,
    0.6525,
    0.6949,
    0.6356,
    0.6271,
    0.6186,
    0.6441,
    0.5678,
    0.661
  ],
  "val_auc": [
    0.7242410249123803,
    0.7706610542767831,
    0.7740598654920905,
    0.790132731836696,
    0.8028144832812352,
    0.8007092450506773,
    0.801916382495027,
    0.8051660035995075,
    0.8661575258122574,
    0.8917720469830444,
    0.9106990622335892,
    0.907158757222696,
    0.913318177512551,
    0.9270389315146349,
    0.9260176896845694,
    0.925640570237757,
    0.9317709813393957,
    0.9386497110921663,
    0.9315377237851662,
    0.9385502510182816,
    0.9352064980581605,
    0.937214644311831,
    0.935578289286729,
    0.929375059202425,
    0.9381127450980392,
    0.9387675239177796,
    0.9474400871459695,
    0.9425564791133844,
    0.9447588093208298,
    0.9446226437434877,
    0.9349365350004736,
    0.9355125745950554,
    0.9392885052571754
  ],
  "meta": {
    "probe_epochs": 8,
    "ft_epochs": 25
  }
}